{"sane": true, "normalizes": true, "range": true, "log_prob": -964.1481323242188, "avg_log_prob": -1.9282962646484374, "perplexity": 6.877782332890973}